Evento,Lugar,Fecha,Orden,Track,Tipo,Programa Evento,Autor,T√≠tulo,Video,Palabras clave,Descripci√≥n,Recursos
Meetups 2023,Santiago,2023-02-28,04,,Charla,No Aplica,Daniel Hern√°ndez,Interfaces Low-code Qt-integraci√≥n Python,https://www.youtube.com/live/6h6V02LxIBc?feature=share&t=2989,Qt; low-code; python; Interfaces,,
Meetups 2023,Santiago,2023-02-28,03,,Charla,No Aplica,Daniel Acu√±a,Interfaces Low-code Qt-integraci√≥n Python/ML Workflows con Kubeflow Pipelines v2,https://www.youtube.com/live/6h6V02LxIBc?feature=share&t=466,Workflows; Kubeflow; Machine learning; Pipelines,,
Meetups 2023,Online,2023-02-23,02,,Charla,No aplica,Anavelyz P√©rez; Yurely Camacho,Open Science Labs:Apoyando comunidades Python cientifico,https://www.youtube.com/live/iZmh-UVaQt8?feature=share&t=2773,Open science; Python cientifico; Comunidad,,
Meetups 2023,Online,2023-02-23,01,,Charla,No aplica,Pamela Ibarguren,Que buscan empresas USA en ingenieros LATAM,https://www.youtube.com/live/iZmh-UVaQt8?feature=share&t=58,Howdy; Empleo; estados unidos; Comunidad,,
Pycon 2022,Copiap√≥,2022-12-02,01,,Charla,https://pycon.cl/#programa,Pedro Cuyanao,Experiencia de aprendizaje Python Presencial v/s Remoto,https://youtu.be/NlwOtd3QQWo,experiencia; aprendizaje; python; presencial; remoto,,
Pycon 2022,Copiap√≥,2022-12-02,02,,Charla,https://pycon.cl/#programa,Elizabeth Aguilera,Como aprender Python desde la ansiedad,https://youtu.be/zLFJyQJ3Xfk,Experiencia; Ansiedad; Miedo,,
Pycon 2022,Copiap√≥,2022-12-02,03,,Charla,https://pycon.cl/#programa,Andr√©s Ib√°√±ez,Aprendamos a usar TKINTER interfaces gr√°ficas en Python,https://youtu.be/USMS9CpsIRA,UI; Interfaz; TKinter; visual,,
Pycon 2022,Copiap√≥,2022-12-02,04,,Charla,https://pycon.cl/#programa,Sebastian Varas,Como iniciar desde 0 en python,https://youtu.be/uNaN21ZAaOA,Principiante; python,,
Pycon 2022,Copiap√≥,2022-12-02,05,,Charla,https://pycon.cl/#programa,Kevin Carmona,IA: El arte de crear cualquier cosa,https://youtu.be/XT5FO7yeFaQ,IA creativa; Stable Diffusion; IA,,
Pycon 2022,Copiap√≥,2022-12-02,06,,Charla,https://pycon.cl/#programa,Maximilia Saa; Bastian Lara; Alberto Olivares,DisApp Integraci√≥n para personas con problemas de audici√≥n/presbiacusia,https://youtu.be/LHirVfT02No,Discapacidad; Integracion; DisApp,,
Pycon 2022,Copiap√≥,2022-12-02,07,,Charla,https://pycon.cl/#programa,Diego Castro; Camilo Henr√≠quez; Natalia Paredes; Mauro Perez,Python cambio mi forma de ver las cosas,https://youtu.be/0dGRqduxXXg,Experiencia; Motivacion,,
Pycon 2022,Copiap√≥,2022-12-02,08,,Charla,https://pycon.cl/#programa,Luis Rojas,Redes Neuronales y Python,https://youtu.be/KLTqarXfuFU,IA; Redes neuronales; Pytorch; Colab,,
Pycon 2022,Copiap√≥,2022-12-02,09,,Charla,https://pycon.cl/#programa,Basti√°n Elgueta,Python y An√°lisis de Datos,https://youtu.be/tZsNlMSsl2w,Base de datos; data engineering; data; ciencia de datos,,
Pycon 2022,Copiap√≥,2022-12-02,10,,Charla,https://pycon.cl/#programa,Francisco Saavedra,Python en la Miner√≠a,https://youtu.be/1Qhi2Jpu1L0,Base de datos; data engineering; data; ciencia de datos; Mineria,,
Pycon 2022,Copiap√≥,2022-12-02,11,,Charla,https://pycon.cl/#programa,Celeste Marambio,Aprende Python con juegos,https://youtu.be/eSpUlEf9r38,Videojuegos; Gaming; Aprender,,
Pycon 2022,Online,2022-12-04,01,,Keynote,https://pycon.cl/#programa,Carlos C√≥rdoba,Mi experiencia liderando un grupo multidisciplinario e internacional en el desarrollo de Spyder,https://youtu.be/0aW5GjKizsE,Spyder; IDE; comunidad; desarrollo,Como es liderar un proyecto tan grande como lo es Spyder.,
Pycon 2022,Online,2022-12-04,02,B,Charla,https://pycon.cl/#programa,David Sol,Python en la Nube: Automatizando la operaci√≥n de AWS con Boto3,https://youtu.be/4Yq9Q-AXXsk,AWS; Nube; Cloud; Boto3; EC2,"Automatizar procesos en la nube, con la ayuda de Boto3, en AWS.",
Pycon 2022,Online,2022-12-04,03,B,Charla,https://pycon.cl/#programa,Flavio Espeche Nieva,Python + microPython = Python IoT,https://youtu.be/7n3HkZMMQCM,MicroPython; Microcontroladores; Raspberry; Arduino; IOT,"La utilizacion de microcontroladores con python, con la libreria MicroPython",
Pycon 2022,Online,2022-12-04,04,B,Charla,https://pycon.cl/#programa,Sebasti√°n Flores,Usando Streamlit en la industria,https://youtu.be/xHabAVZDAHo,Streamlit; Industria; WEB,Convenciones y consejos de c√≥mo usar streamlit para proyectos de empresa.,"pdf: https://bit.ly/3VFYfJ7
code: https://github.com/sebastiandres/stblog_uplanner
app: https://st-uplanner.streamlit.app/"
Pycon 2022,Online,2022-12-04,05,B,Charla,https://pycon.cl/#programa,Roobed Trejo; Luly Ozuna,Python Institute,https://youtu.be/kfsFpZaMxRo,Python Institute,Charla sobre los sistema de ense√±anza que utiliza la plataformas Python Institute.,
Pycon 2022,Online,2022-12-04,06,B,Charla,https://pycon.cl/#programa,Fabio Pinto,Reconocimiento de pautas publicitarias en streaming de radio utilizando python,https://youtu.be/kR7MhHijNaE,Radio; Streaming; Django; Audio,,
Pycon 2022,Online,2022-12-04,07,B,Charla,https://pycon.cl/#programa,Esteban Cadavid May,"Building a streaming ETL with apache beam, Google cloud and Python",https://youtu.be/fGQ9zMb1t8c,ETL; Apache Beam; Google Cloud; Datos,Realizar procesos de ETL con apache beam y Google Cloud,
Pycon 2022,Online,2022-12-04,08,B,Charla,https://pycon.cl/#programa,Maritza Cieza,¬øC√≥mo venc√≠ mi p√°nico esc√©nico al ser parte de Pyladies?,https://youtu.be/n8jzkLaAvgk,Pyladies; Comunidad; Miedos,"Experiencia personal sobre como ingresar y crear comunidad, y vencer esos miedo que siempre existen.",
Pycon 2022,Online,2022-12-04,09,B,Charla,https://pycon.cl/#programa,Jaime Hernandez,Crea y vende tus propias apis de forma sencilla,https://youtu.be/5xtQ5tvaMuo,Api; Vender; Negocio; Flask; RapidApi,"Negocio que se puede generar, por medio de la creaci√≥n de tus propias APIs",
Pycon 2022,Online,2022-12-04,02,A,Charla,https://pycon.cl/#programa,Mario Garc√≠a,C√≥mo generar datos de prueba para tu proyecto de base de datos,https://youtu.be/sx229Wkknd4,Datos; data; faker; tqdm; mockup; data engineering; ingenieria de datos,"Demostraci√≥n sobre como generar datos para un proyecto, con pandas y faker",
Pycon 2022,Online,2022-12-04,03,A,Charla,https://pycon.cl/#programa,Leandro Colombo Vi√±a,Entendiendo el virtualenv de python (ambientes virtuales),https://youtu.be/ZZfJbLzudqI,virtualenv; pipenv; poetry; venv; luthiers,Como sacar todo el provecho de ambientes virtuales,
Pycon 2022,Online,2022-12-04,04,A,Charla,https://pycon.cl/#programa,Diego C√°ceres Solis,Python en ciberseguridad,https://youtu.be/8xu8UZQ8fYg,seguridad; argparse; os; scapy; ,"La seguridad es uno de los topicos mas importantes a la momento de desarrollar, y esta charla da algunos tips sobre esto.",
Pycon 2022,Online,2022-12-04,05,A,Charla,https://pycon.cl/#programa,Steph Orellana,Haciendo mapas con Python,https://youtu.be/4uGFYvOTtdU,datos vectoriales; api; mapa; grafico; folium,Generar mapas y graficios con Python,
Pycon 2022,Online,2022-12-04,06,A,Charla,https://pycon.cl/#programa,Cristi√°n Maureira-Fredes,"Python en tu lenguaje: c√≥digo, documentaci√≥n y comunidad",https://youtu.be/fQgvSREpYS8,lenguaje; comunidad; Codigo,"Limitaciones del lenguaje, y como crecer la comunidad hispanohablante, y hacer nuestro python",
Pycon 2022,Online,2022-12-04,07,A,Charla,https://pycon.cl/#programa,Sergio Valenzuela,Inteligencia Artificial aplicada a la paraplejia,https://youtu.be/XyUAxdZpPxc,data science; inteligencia artificial; paraplejia; reconocimiento del habla; texto a habla,,
Pycon 2022,Online,2022-12-04,08,A,Charla,https://pycon.cl/#programa,Juan Venegas; Nataly Osses,An√°lisis geogr√°fico en JupyterLab para sistemas de agua potable rural en la regi√≥n de los R√≠os,https://youtu.be/SUGd2KsaJ48,data mining; pandas; folium; jupyter; Agua; APR; Geografia,"Como utilizar Python para estudios de sistemas de agua rural, utilizando el analisis geografico.",
Pycon 2022,Online,2022-12-04,09,A,Charla,https://pycon.cl/#programa,Sergio Delgado,Candidatura PyconES 2023 Tenerife Islas Canarias,https://youtu.be/L0HFy2yZsck?t=28050, ,,
Pycon 2022,Online,2022-12-04,10,,Keynote,https://pycon.cl/#programa,Luciano Ramalho,The art of the interpreter,https://youtu.be/rPDSw_44Ut4,interpreters; Pycon2022; Lisp; AST; Abstract Syntax Tree,"The best starting point to understand how programming languages work is to study interpreters, not compilers.",
Pycon 2022,Santiago,2022-12-03,01,,Keynote,https://pycon.cl/#programa,Stefanni Cavaletto,Cloud AI para todos!,https://youtu.be/oWH1j-2RyfY,Machine Learning; Google; Google Cloud; IA; Cloud; Nube,"Observaci√≥n, durante algunos minutos se pierde el audio, pero despu√©s vuelve.",
Pycon 2022,Santiago,2022-12-03,02,,Charla,https://pycon.cl/#programa,Felipe Veloso,Ml end-to-end con MlFlow,https://youtu.be/r6FgDmXPPJU,MLFlow;  data science; end-to-end; MLOps,,
Pycon 2022,Santiago,2022-12-03,03,,Charla,https://pycon.cl/#programa,Pablo Woolvett,Construyendo aplicaciones de visi√≥n computacional de alto rendimiento,https://youtu.be/4kFANji4Lq4,OpenCV; Visi√≥n Computacional; Pythia; Machine learning; tiempo real; Nvidia,,
Pycon 2022,Santiago,2022-12-03,04,,Charla,https://pycon.cl/#programa,Fernando Smith; Agustin,"Cultura Open Source: el qu√©, c√≥mo y por qu√©",https://youtu.be/CRwmIBaLd8w,Open Source; Richard Stallman; Free Sofware Foundation; Linux,,
Pycon 2022,Santiago,2022-12-03,05,,Charla,https://pycon.cl/#programa,Jes√∫s Henr√≠quez,Raytracing con Python y numpy,https://youtu.be/SyfSvvyfP8Q,Raytracing; videojuego; Numpy; Calculo; iluminaci√≥n,,
Pycon 2022,Santiago,2022-12-03,06,,Charla,https://pycon.cl/#programa,Jose Miguel Nu√±ez Darnott,Kedro: un framework de Python para crear c√≥digo DS mantenible y modular,https://youtu.be/XGVT1RUt5l8,Kedro; Datos; data science; Modular; ciencia de datos; sostenible; colaborativo,,
Pycon 2022,Santiago,2022-12-03,07,,Charla,https://pycon.cl/#programa,Riva Quiroga,Reportes reproducibles usando Quarto,https://youtu.be/XkXHVS2oBIk,Quarto; Ciencia; Publicaci√≥n; Publicar; Presentacion; Web,,
Pycon 2022,Santiago,2022-12-03,08,,Charla,https://pycon.cl/#programa,Andres Montero,Inteligencia Artificial para Sonidistas,https://youtu.be/pBHZP5hygv4,Audio; Sonido; deep learning; IA; Musica; Sonidistas; Tensorflow,,
Pycon 2022,Santiago,2022-12-03,09,,Charla,https://pycon.cl/#programa,Rene Lagos,Implementaci√≥n de una ETL para monitoreo de listas de espera de hospitales p√∫blicos con Pandas,https://youtu.be/_sW9RD8F_OQ,Salud; Hospital; Medicina; ciencia de datos; datos; Anal√≠tica; ETL; Pandas,,
Pycon 2022,Santiago,2022-12-03,10,,Keynote,https://pycon.cl/#programa,Pablo Moreno & Walter Calcagno,Evoluci√≥n de Python en la Anal√≠tica de Datos y Desarrollo de Software,https://youtu.be/CsYjKSavBiA,Datos; BI; business intelligence; Power BI; Software,,
Pycon 2022,Santiago,2022-12-03,11,,Charla,https://pycon.cl/#programa,Carlos Maldonado,Hablemos de la comunidad Python Chile,https://youtu.be/fjkQ0xNt2B4?t=27320, ,,
PyDay 2022,La Serena,2022-08-05,,,Taller,https://pyday.cl/#programa,,De Python b√°sico a nivel medio: elementos b√°sicos pero potentes de Python,, ,,
PyDay 2022,La Serena,2022-08-05,,,Taller,https://pyday.cl/#programa,,Reportes autom√°ticos de Excel con Python,, ,,
PyDay 2022,La Serena,2022-08-05,,,Taller,https://pyday.cl/#programa,Sebastian Ramirez,Construcci√≥n de APIs con Python: Fastapi + Pydantic,https://www.youtube.com/watch?v=3IA6y2PBNEY, ,,
PyDay 2022,Online,2022-07-16,01,,Charla,https://pyday.cl/#programa,Shaima Chachai,La versatilidad de Python,https://youtu.be/Dy0SSE8uk-Y?t=314, ,,
PyDay 2022,Online,2022-07-16,02,,Charla,https://pyday.cl/#programa,Francisco Alfaro,"Clases Interactivas con Google Colab, Mkdocs y Github Actions",https://youtu.be/Dy0SSE8uk-Y?t=1895, ,,
PyDay 2022,Online,2022-07-16,03,,Charla,https://pyday.cl/#programa,Alonso Ogueda,A Review and Application of Disease Informed Neural Network,https://youtu.be/Dy0SSE8uk-Y?t=3331, ,,
PyDay 2022,Online,2022-07-16,04,,Charla,https://pyday.cl/#programa,Comunidad PythonChile,Comunidad PythonChile,https://youtu.be/Dy0SSE8uk-Y?t=4611, ,,
PyDay 2022,Online,2022-07-16,05,,Charla,https://pyday.cl/#programa,Tatiana Canales; Riva Quiroga; Steph Orellana,PyLadies Chile,https://youtu.be/Dy0SSE8uk-Y?t=5578, ,,
PyDay 2022,Online,2022-07-16,06,,Charla,https://pyday.cl/#programa,C√©sar Riat,"Inteligencia Artificial para prevenir el Dengue, Zika y Chikungunya",https://youtu.be/Dy0SSE8uk-Y?t=7636, ,,
PyDay 2022,Online,2022-07-16,07,,Charla,https://pyday.cl/#programa,Alison Orellana Rios,Manejo de im√°genes con Visi√≥n Computacional,https://youtu.be/Dy0SSE8uk-Y?t=8885, ,,
PyDay 2022,Online,2022-07-16,08,,Charla,https://pyday.cl/#programa,Diego Saavedra,Uso de Quarto en la ense√±anza de pensamiento computacional.,https://youtu.be/Dy0SSE8uk-Y?t=10117, ,,
PyDay 2022,Online,2022-07-16,09,,Charla,https://pyday.cl/#programa,C√©sar Hormaz√°bal,Decoradores para mejorar el c√≥digo,https://youtu.be/Dy0SSE8uk-Y?t=11350, ,,
PyDay 2022,Online,2022-07-16,10,,Charla,https://pyday.cl/#programa,Carlos Arancibia,Mejorando la confiabilidad de los datos con dbt,https://youtu.be/Dy0SSE8uk-Y?t=17825, ,,
PyDay 2022,Online,2022-07-16,11,,Charla,https://pyday.cl/#programa,Jose Arnulfo Reyes;Jos√© Ramirez ,Porqu√© todos los programadores deber√≠an participar en una comunidad,https://youtu.be/Dy0SSE8uk-Y?t=19028, ,,
PyDay 2022,Online,2022-07-16,12,,Charla,https://pyday.cl/#programa,Eladio Garcia,Como potenciar el marketing de tu empresa utilizando Odoo / Python,https://youtu.be/Dy0SSE8uk-Y?t=20824, ,,
PyDay 2022,Online,2022-07-16,13,,Charla,https://pyday.cl/#programa,Estephani Rivera Jaramillo,Exploraci√≥n de Datos con Python,https://youtu.be/Dy0SSE8uk-Y?t=23448, ,,
PyDay 2022,Online,2022-07-16,14,,Charla,https://pyday.cl/#programa,Renzo C√°ceres Rossi,"Introducci√≥n a RMarkdown, creando reportes con Python en RStudio",https://youtu.be/Dy0SSE8uk-Y?t=24834, ,,
PyDay 2022,Online,2022-07-16,15,,Charla,https://pyday.cl/#programa,Juan Perozo,Construyendo nuestra torre de Babel: Django + Singer ETL + Airflow. Otro proceso ETL mas,https://youtu.be/Dy0SSE8uk-Y?t=26036, ,,
PyDay 2022,Online,2022-07-16,16,,Charla,https://pyday.cl/#programa,Diego Caceres Solis,Python en Ciberseguridad,https://youtu.be/Dy0SSE8uk-Y?t=26882, ,,
PyDay 2022,Valpara√≠so,2022-07-15,,,Taller,https://pyday.cl/#programa,Steph Orellana,Introducci√≥n al An√°lisis de Datos Geoespaciales con Python,Sin registro, ,,
PyDay 2022,Valpara√≠so,2022-07-15,,,Taller,https://pyday.cl/#programa,Sebastian Flores,Construye una webapp multip√°gina con streamlit - for dummies,Sin registro, ,,
Meetups 2022,Online,2022-01-27,1,,Meetup,No aplica,Franco Milanese,Python + InfluxDB en contenedores Dockers,https://youtu.be/fm2-PQFrwpE?t=316, ,,
Meetups 2022,Online,2022-01-27,2,,Meetup,No aplica,Dario Macchi,Calidad en contextos √°giles,https://youtu.be/fm2-PQFrwpE?t=2144, ,,
Meetups 2022,Online,2022-02-24,1,,Meetup,No aplica,Andr√©s R√≠os,Analytics Factory: Como optimizar para iterar r√°pido,https://youtu.be/YTsq2owOzyo?t=263, ,,
Meetups 2022,Online,2022-02-24,2,,Meetup,No aplica,Camilo Chac√≥n,Aprendizaje a trav√©s de grafos: Graph Neural Networks,https://youtu.be/YTsq2owOzyo?t=1646, ,,
Meetups 2022,Online,2022-03-24,1,,Meetup,No aplica,C√°rlos G√≥mez,Haz tu c√≥digo mas elegante con Functools,https://youtu.be/9iiH4TnCFUE?t=273, ,,
Meetups 2022,Online,2022-03-24,2,,Meetup,No aplica,Federico Garza,El auto ARIMA m√°s r√°pido de Python: construir benchmarks estad√≠sticos para series de tiempo nunca ha sido m√°s sencillo,https://youtu.be/9iiH4TnCFUE?t=1931, ,,
Meetups 2022,Online,2022-04-28,1,,Meetup,No aplica,David Farinango,Introducci√≥n a la estad√≠stica bayesiana y un caso de uso en marketing,https://youtu.be/UxYg0ira1g8?t=131,David de Ecuador! nombre correcto?,,
Meetups 2022,Online,2022-04-28,2,,Meetup,No aplica,Priscila Cejas,Machine Learning - Forecasting,Sin registro?,,,
Meetups 2022,Online,2022-05-26,1,,Meetup,No aplica,Diego C√°ceres,CRUD con Django y Python,https://youtu.be/mSAhkcSRdNY?t=246,,,
Meetups 2022,Online,2022-05-26,2,,Meetup,No aplica,Denny P√©rez; Cristi√°n Maureira-Fredes,Resumen y Novedades PyCon US 2022,https://youtu.be/mSAhkcSRdNY?t=2108,,,
Meetups 2022,Online,2022-06-30,1,,Meetup,No aplica,Tatiana Delgadillo,Visualizando la realidad con Python: Feminicidios,https://youtu.be/CBJrQOWGxeU?t=143, ,,
Meetups 2022,Online,2022-06-30,2,,Meetup,No aplica,Elka Buitrago; Claudio Pi√±a,Anunciando el PyDay Chile 2022,https://youtu.be/CBJrQOWGxeU?t=2107, ,,
Meetups 2022,Online,2022-08-25,1,,Meetup,No aplica,Sebastian Flores ,Streamlit en la industria,https://youtu.be/FPOQmLB7zE8?t=240, ,OBS: La descripci√≥n de la charla est√° equivocada,
Meetups 2022,Online,2022-08-25,2,,Meetup,No aplica,Jorge Arriagada; Stevan Luvic,Civils.ai - Una plataforma Opensource de Ingenier√≠a Civil,https://youtu.be/FPOQmLB7zE8?t=2447, ,,
Meetups 2022,Online,2022-09-29,1,,Meetup,No aplica,Francisco Alfaro,Automatizando la documentaci√≥n con MkDocs,https://youtu.be/ztCLbcYQcjs?t=302, ,,
Meetups 2022,Online,2022-09-29,2,,Meetup,No aplica,Andr√©s Pineda,Importancia del Test Driven Development,https://youtu.be/ztCLbcYQcjs?t=2580, ,,
Meetups 2022,Online,2022-10-27,1,,Meetup,No aplica,Fernando Smith,Generando comunidad Open Source en la Universidad Cat√≥lica,https://youtu.be/artZ149FvH0?t=381, ,,
Meetups 2022,Online,2022-10-27,2,,Meetup,No aplica,Alejandro Weinstein,Miner√≠a de datos y Python,https://youtu.be/artZ149FvH0?t=1068, ,,
Easter Eggs,Online,2019-12-11,,,Entrevista,No aplica,Piragua Gonz√°lez,Ajedrez bajo el agua,https://www.youtube.com/watch?v=2Q5A7SxqVOA, ,,
Pycon 2021,Online,2021-11-06,01,,Keynote,,Tania Allard,FOSS for fun and profit o c√≥mo participar en c√≥digo abierto y no morir en el intento,https://www.youtube.com/watch?v=8d6rZIug9LA,,,
Pycon 2021,Online,2021-11-06,02,A,Charla,https://pycon.cl/2021/#schedule,Erick Castillo Bastias,Buenas pr√°cticas de desarrollo en Python,https://www.youtube.com/watch?v=L9NGtc61W0Q,,,https://github.com/ecastillob/pycon-chile-2021
Pycon 2021,Online,2021-11-06,03,A,Charla,https://pycon.cl/2021/#schedule,Jazna Meza Hidalgo,"¬øMachine Learning, Python?, ¬øqu√© puedo hacer?",https://www.youtube.com/watch?v=ofTNYSy3FtY,,,"‚Ä¢ https://datos.gob.cl/
‚Ä¢ https://es.datachile.io/
‚Ä¢ https://mml-book.github.io/
‚Ä¢ https://mml-book.github.io/
‚Ä¢  el ISLR: https://www.statlearning.com/
‚Ä¢  Elements of Statistical Learning: https://web.stanford.edu/~hastie/ElemStatLearn/

‚Ä¢ Preparaci√≥n certificaci√≥n de IA de Huawei: https://e.huawei.com/en/talent/#/

‚Ä¢  https://online.stanford.edu/courses/sohs-ystatslearning-statistical-learning
‚Ä¢ El curso es online y se basa en este libro: https://www.statlearning.com/"
Pycon 2021,Online,2021-11-06,04,A,Charla,https://pycon.cl/2021/#schedule,Pamela Illescas Maldonado,Modelo de Reinforcement learning con Python: aprendiendo desde 0,https://www.youtube.com/watch?v=5HGu6k2KXeA,,,
Pycon 2021,Online,2021-11-06,05,A,Charla,https://pycon.cl/2021/#schedule,Omar Sanseviero,C√≥mo construir demos de Machine Learning con Python,https://www.youtube.com/watch?v=Mg7YeWBUKbM,,,"‚Ä¢ http://hf.co/spaces
‚Ä¢ https://hf.co/spaces/launch
‚Ä¢ https://hf.co/join/discord

‚Ä¢ https://huggingface.co/spaces/flax-community/dalle-mini
‚Ä¢ https://huggingface.co/spaces/flax-community/chef-transformer
‚Ä¢ https://huggingface.co/spaces/nielsr/LayoutLMv2-FUNSD
‚Ä¢ https://github.com/TheHackerLlama/charlas/blob/main/gradio_demos.ipynb

‚Ä¢ http://hf.co/models tiene 20000 modelos Open Source compartidos por la comunidad. Casi 400 en espanol, pero podemos tener muchos mas!

‚Ä¢ slides: https://www.canva.com/design/DAEu5fZ_wTY/Ra_T_nb4K9AJz6rz0hb43Q/view"
Pycon 2021,Online,2021-11-06,06,,Keynote,https://pycon.cl/2021/#schedule,"Alex Harasic, Sebastian Kreft, Mar·∏±ia Noel de la Paz y Daniel M√°rquez",Industria Tecnol√≥gica en Chile: Innovando y emprendiendo con Python,https://www.youtube.com/watch?v=bU9r9YqVPCY,,,
Pycon 2021,Online,2021-11-06,07,,Keynote,https://pycon.cl/2021/#schedule,Roberto Toro,Neuroscience & Python: BFF ‚ù§Ô∏è,https://www.youtube.com/watch?v=EUUYTspUCwA,,,
Pycon 2021,Online,2021-11-06,08,A,Charla,https://pycon.cl/2021/#schedule,Marco Mu√±oz,Benchmark Profesionales TI Latam,https://www.youtube.com/watch?v=j065mTRM9oU,,,https://it-talenthh.com/2021/11/04/white-paper-benchmark-profesionales-ti-latam/
Pycon 2021,Online,2021-11-06,09,A,Charla,https://pycon.cl/2021/#schedule,Fernando Irarrazaval,Introducci√≥n a los modelos bayesianos usando PyMC3,https://www.youtube.com/watch?v=0C6HnEHLaf0,,,"‚Ä¢ https://thelancet.com/journals/eclinm/article/PIIS2589-5370(21)00160-7/fulltext#
‚Ä¢ https://docs.pymc.io/en/stable/nb_examples/index.html
‚Ä¢ https://www.amazon.com/Bayesian-Statistics-Fun-Will-Kurt/dp/1593279566
‚Ä¢ https://en.wikipedia.org/wiki/Maximum_entropy_probability_distribution
‚Ä¢ https://twiecki.io/blog/2019/01/14/supply_chain/"
Pycon 2021,Online,2021-11-06,10,A,Charla,https://pycon.cl/2021/#schedule,Ricardo Leonardo Vega Mora,Programaci√≥n creativa: Por que los dise√±adores deben aprender a programar (y porque Python puede ser un gran aliado!),https://www.youtube.com/watch?v=ISY0LiI6qiU,,,"‚Ä¢ https://issuu.com/ricardov_net
‚Ä¢ https://www.youtube.com/watch?v=eCG0M6T5sMU
‚Ä¢ Drawbot  (Python) drawbot.com y/o Processing (Java) Processing.org"
Pycon 2021,Online,2021-11-06,11,A,Charla,https://pycon.cl/2021/#schedule,Raquel Pezoa Rivera,Clasificaci√≥n desbalanceada con Python: modificando datos y algoritmos,https://www.youtube.com/watch?v=pB262BOPRfg,,,"‚Ä¢ https://github.com/rpezoa/imbalanced-class
‚Ä¢ https://drive.google.com/drive/folders/1Riowx9j8xutNaVJQTmtxkBn01xogSV5g?usp=sharing"
Pycon 2021,Online,2021-11-06,02,B,Charla,https://pycon.cl/2021/#schedule,Alison Orellana Rios,Reconocimiento de figuras con Visi√≥n Artificial,https://www.youtube.com/watch?v=rC5KCVC0CuU,,,https://github.com/AllyOR/OpenCV_Examples
Pycon 2021,Online,2021-11-06,03,B,Charla,https://pycon.cl/2021/#schedule,Rodrigo Tobar,"Usando Python en el SKA, el radio-observatorio m√°s grande del mundo",https://www.youtube.com/watch?v=kJ2wt1iM0m8,,,"https://docs.google.com/presentation/d/1WALCPJeAb39SAKKZzjSra__DZJq8cn9nomBfeIkW1Cs/edit?usp=sharing

 ‚Ä¢ P√°gina oficial del telescopio SKA üì°: https://www.skatelescope.org/
 ‚Ä¢ C√≥digo fuente desarrollado para el SKA üíª: https://gitlab.com/ska-telescope
 ‚Ä¢ Documentaci√≥n para desarrolladores üìñ: https://developer.skao.int/

 ‚Ä¢ Sitio web üåê  : https://icrar.org/
 ‚Ä¢ GitHub: https://github.com/ICRAR

 ‚Ä¢ https://github.com/rtobar
 ‚Ä¢ https://gitlab.com/rtobar
 ‚Ä¢ https://developer.skao.int/en/latest/getting-started/contrib-guidelines.html"
Pycon 2021,Online,2021-11-06,04,B,Charla,https://pycon.cl/2021/#schedule,Emiliano Martin,Profiling & Optimization in Python,https://www.youtube.com/watch?v=kWqBfpFI9cA,,,"‚Ä¢ https://medium.com/@mjspeck/presenting-code-using-jupyter-notebook-slides-a8a3c3b59d67
‚Ä¢ https://github.com/emimartin26/profiling_optimization_pyconcl2021
‚Ä¢ https://rise.readthedocs.io/en/stable/usage.html funciona con los jupyter notebooks"
Pycon 2021,Online,2021-11-06,05,B,Charla,https://pycon.cl/2021/#schedule,Federico Garza Ram√≠rez,Nixtla: Deep Learning para pron√≥stico de series de tiempo,https://www.youtube.com/watch?v=OiBToijcHac,,,"‚Ä¢ Nixtla, ecosistema de pron√≥stico de series de tiempo: https://github.com/Nixtla
‚Ä¢ nixtlats, deep learning para pron√≥stico de series de tiempo: https://github.com/Nixtla/nixtlats
‚Ä¢ Blog de replicaci√≥n:       https://nixtla.github.io/blog/deep%20learning/forecasting/m4/2021/06/25/esrnn-i.html
‚Ä¢ GitHub: https://github.com/FedericoGarza"
Pycon 2021,Online,2021-11-06,08,B,Charla,https://pycon.cl/2021/#schedule,Luis Falcon,"MyGNUHealth, la aplicaci√≥n de gesti√≥n de salud personal de GNU Health",https://www.youtube.com/watch?v=A9Zo9Quhkqs,,,"‚Ä¢ GNU Health : https://www.gnuhealth.org/
‚Ä¢ GNU Solidario (ONG): https://www.gnusolidario.org/
‚Ä¢ Conferencia anual - GNU Health Con - : https://www.gnuhealthcon.org/ "
Pycon 2021,Online,2021-11-06,09,B,Charla,https://pycon.cl/2021/#schedule,Rodrigo Tesone,¬øPodemos hablar sin pelear? Una peque√±a conversaci√≥n entre la pol√≠tica y el an√°lisis de datos,https://www.youtube.com/watch?v=R0ASPEDCgAc,,,https://docs.google.com/document/d/1ycPw1aAA3CZIkScVoC5SA-6Suk_xzw2XghsvL3JfcI8/edit?usp=drivesdk
Pycon 2021,Online,2021-11-06,10,B,Charla,https://pycon.cl/2021/#schedule,Gabriel Ortega Ibarra,Creando un servidor y un bot de Discord para la comunidad estudiantil de inform√°tica en la UTFSM,https://www.youtube.com/watch?v=eKllxm8yUYk,,,"‚Ä¢ Portal Discord Developer: https://discord.com/developers/docs/intro 
‚Ä¢ App Commands: https://canary.discord.com/developers/docs/interactions/application-commands 
‚Ä¢ Hikari Docs: https://www.hikari-py.dev/hikari/ 
‚Ä¢ Hikari-Lightbulb: https://hikari-lightbulb.readthedocs.io/en/latest/ "
Pycon 2021,Online,2021-11-06,11,B,Charla,https://pycon.cl/2021/#schedule,Patricio Cofre y Roberto Gonzalez,C√≥mo los observatorios est√°n aprovechando la IA para mejorar su operaci√≥n y trabajo cient√≠fico,https://www.youtube.com/watch?v=TvDX38x14DA,,,"‚Ä¢ https://news.microsoft.com/es-xl/eso-and-microsoft-will-work-with-artificial-intelligence-to-boost-astronomy/
‚Ä¢ https://www.eso.org/public/announcements/annlocal20004-es-cl/
‚Ä¢ https://www.youtube.com/watch?v=Pw7OsafylO0 
‚Ä¢ https://drive.google.com/file/d/10lea-gn_Vms0dobfsN45gbHOfHg5HQAz/view?usp=sharing"
Pycon 2021,Online,2021-11-07,01,,Keynote,https://pycon.cl/2021/#schedule,Sebasti√°n Ram√≠rez,Modern Python through FastAPI and friends,https://www.youtube.com/watch?v=3IA6y2PBNEY,,,
Pycon 2021,Online,2021-11-07,02,A,Charla,https://pycon.cl/2021/#schedule,H√©ctor Vega,Buenas pr√°cticas para dejar de ser junior en Python,https://www.youtube.com/watch?v=_-2erPEYbjk,,,Presentaci√≥n: https://docs.google.com/presentation/d/1eVBthcjRd-rXsCTYfFDOl-qBnWiHEsDtHw4SGXbNsvk/edit#slide=id.p
Pycon 2021,Online,2021-11-07,03,A,Charla,https://pycon.cl/2021/#schedule,Aldo Escobar,Desarrollo de productos de datos automatizados utilizando un stack moderno de datos,https://www.youtube.com/watch?v=2NYcq7oBfFo,,,"‚Ä¢ https://github.com/aoelvp94/Spotydash
‚Ä¢ Presentaci√≥n:  https://docs.google.com/presentation/d/1Z-ifinpJuH5b9_acZmZn19BWcmxNDohHJ89yQGBWd4g/edit 
‚Ä¢ https://muttdata.ai/blog/ blog
‚Ä¢ https://muttdata.ai/blog/2021/09/29/data-engineering-fundamentals.html
‚Ä¢ https://muttdata.ai/blog/2021/06/09/muttlib-public-release.html
‚Ä¢ https://muttdata.ai/blog/2021/09/15/soam-public-release.html"
Pycon 2021,Online,2021-11-07,04,A,Charla,https://pycon.cl/2021/#schedule,Eduardo Blancas,Desarrollo y despliegue de un proyecto de Machine Learning en 20 minutos con Ploomber,https://www.youtube.com/watch?v=IRUKK9Z4Y1k,,,https://blancas.io/talks/pycon-chile-21.pdf
Pycon 2021,Online,2021-11-07,05,A,Charla,https://pycon.cl/2021/#schedule,Maria Rene Torrez Vargas,Programa tu historia with Renpy,https://www.youtube.com/watch?v=uaFtqen4HLc,,,
Pycon 2021,Online,2021-11-07,06,,Keynote,https://pycon.cl/2021/#schedule,"Stefanni Cavaleto, Loreto Sanchez, Catalina Arrey, Daniela Espinoza y Pamela Bustamante",Mujeres en Tecnolog√≠a: Chilenas que inspiran,https://www.youtube.com/watch?v=o-ZzEiwT7l0,,,
Pycon 2021,Online,2021-11-07,07,,Keynote,https://pycon.cl/2021/#schedule,Eugenia Bahit,Desarrollo de Aplicaciones Web con Python,https://www.youtube.com/watch?v=rRgn8d7mFXQ,,,
Pycon 2021,Online,2021-11-07,08,A,Charla,https://pycon.cl/2021/#schedule,Robert Rozas Navarro,Python-Flask en Azure Kubernetes Services,https://www.youtube.com/watch?v=3Y_haNh7M8I,,,https://github.com/AshWilliams/AwesomeClinic-Back
Pycon 2021,Online,2021-11-07,09,A,Charla,https://pycon.cl/2021/#schedule,Adri√°n Fern√°ndez Zenteno,TinyML for IoT,https://www.youtube.com/watch?v=cHRaeW05hEI,,,"‚Ä¢ https://www.raspberrypi.com/products/raspberry-pi-pico/
‚Ä¢ https://store-usa.arduino.cc/products/arduino-nano-33-ble-sense
‚Ä¢ https://www.seeedstudio.com/blog/2021/03/26/10-raspberry-pi-pico-projects/
‚Ä¢ https://studio.edgeimpulse.com/studio/60782/acquisition/

Tools:
‚Ä¢ NanoEdge AI Studio
‚Ä¢ https://cartesiam.ai/download/

OctoML
‚Ä¢ https://octoml.ai/solutions/edge-devices/

MediaTek 
‚Ä¢ https://neuropilot.mediatek.com/

EdgeImpulse
‚Ä¢ https://studio.edgeimpulse.com/""
"
Pycon 2021,Online,2021-11-07,10,A,Charla,https://pycon.cl/2021/#schedule,Gonzalo Andr√©s Pe√±a-Castellanos,"
Democratizando las herramientas de c√≥digo abierto",https://www.youtube.com/watch?v=Qo9_GgiVB7Q,,,"‚Ä¢ Diapositivas: https://docs.google.com/presentation/d/1JN4cZBWbr1o6HrViP2C2kMriEI9yWUSSB4Pvil6XDOQ/edit?usp=sharing
‚Ä¢ http://babel.pocoo.org/en/latest/cmdline.html
‚Ä¢ https://github.com/jupyterlab/jupyterlab-translate/blob/master/jupyterlab_translate/api.py
‚Ä¢ https://jupyterlite.github.io/demo/lab/index.html"
Pycon 2021,Online,2021-11-07,11,A,Charla,https://pycon.cl/2021/#schedule,Rodrigo Flores Figueroa y Carlos Pinto Urtubia,Aplicando Python al desarrollo de nanosat√©lites,https://www.youtube.com/watch?v=d03XNYkD5sE,,,"Octa Aerospace:
  LinkedIn: https://www.linkedin.com/company/octa-aerospace/
  P√°gina: https://www.octaaerospace.com/
  GitHub: https://github.com/Octa-Aerospace
  Instagram: https://www.instagram.com/octaaerospace/

Repositorio hardware:
https://github.com/Rodrigo-Flores/SIMESAT-CanSat-V2

Repositorio dashboard:
https://github.com/CxrlosKenobi/Dashboard-SIMESAT-1

Presentaci√≥n:
https://drive.google.com/file/d/1yrVfXaeehUqQpSnrHKw2WR2RRaf85J40/view?usp=sharing "
Pycon 2021,Online,2021-11-07,02,B,Charla,https://pycon.cl/2021/#schedule,Agust√≠n Salas,Python para hackers - Entendiendo y construyendo ataques de d√≠a 1,https://www.youtube.com/watch?v=VLyEJoQhuD4,,,"‚Ä¢ https://www.comptia.org/es/certificaciones/security 
‚Ä¢ https://elearnsecurity.com/product/ejpt-certification/"
Pycon 2021,Online,2021-11-07,03,B,Charla,https://pycon.cl/2021/#schedule,Jorge Anais Vilchez,B√∫squeda de c√∫mulos estelares usando aprendizaje de m√°quinas no supervisado,https://www.youtube.com/watch?v=XtSLA3wwaBk,,,"https://github.com/adamdempsey90/StarClusters
https://github.com/jorgeanais/apolo
Presentaci√≥n: https://drive.google.com/file/d/1LyNOVVWYNNLY08txkigK_gEfIQU60HZV/view?usp=sharing
Tesis con todos los detalles de la investigaci√≥n: https://drive.google.com/file/d/1jOm1EbwCMeIM_4Pfu6WMQxPkQsNnG443/view?usp=sharing"""
Pycon 2021,Online,2021-11-07,04,B,Charla,https://pycon.cl/2021/#schedule,Javier Alonso Diaz Valderrama,Mano rob√≥tica controlada mediante visi√≥n por computador,https://www.youtube.com/watch?v=wUktn8lHFrY,,,"‚Ä¢ https://github.com/jdiazvalderrama/ManoOpenCV
‚Ä¢ https://www.computervision.zone/
‚Ä¢ https://www.youtube.com/c/MurtazasWorkshopRoboticsandAI"
Pycon 2021,Online,2021-11-07,05,B,Charla,https://pycon.cl/2021/#schedule,Sebastian Flores,"WebApps con Streamlit: ¬°m√°s f√°cil que la tabla del uno, poh!",https://www.youtube.com/watch?v=cZSzK2uIqjY, ,,"‚Ä¢ Repositorio de la presentaci√≥n: https://github.com/sebastiandres/talk_2021_11_pyconcl
‚Ä¢ Version en l√≠nea: https://share.streamlit.io/sebastiandres/talk_2021_11_pyconcl/main
‚Ä¢ Muchos ejemplos: https://share.streamlit.io/napoles-uach/mundaneapps/main/st_parade.py
‚Ä¢ https://streamlit.io/terms-of-use
‚Ä¢ https://streamlit-components-tutorial.netlify.app/
‚Ä¢ https://share.streamlit.io/napoles-uach/mundaneapps/main/st_parade.py""
‚Ä¢ https://sebastiandres.xyz/"
Pycon 2021,Online,2021-11-07,08,B,Charla,https://pycon.cl/2021/#schedule,Ernesto Rico Schmidt,"Desarrollo, ejecuci√≥n de pruebas y despliegue en contenedores Docker",https://www.youtube.com/watch?v=cZYdbh3ASFY,,,"‚Ä¢ https://gitlab.com/testdriven/django-tdd-docker
‚Ä¢ Presentaci√≥n: https://rico-schmidt.name/files/pycon-chile-2021.pdf
‚Ä¢ Curso de testdriven: https://testdriven.io/courses/tdd-django/"
Pycon 2021,Online,2021-11-07,09,B,Charla,https://pycon.cl/2021/#schedule,Elian Raquel Laura Riveros,Usando Pytorch para crear una red neuronal artificial,https://www.youtube.com/watch?v=NJS1yapJUKc,,,"
‚Ä¢ https://drive.google.com/file/d/1FYt_0JtliJRPiN6hYuyEP3wGYbTGk80z/view?usp=sharing"
Pycon 2021,Online,2021-11-07,10,B,Charla,https://pycon.cl/2021/#schedule,Claudio Salazar,Security Code Review in Python,https://www.youtube.com/watch?v=XGqtxRBaX54,,,"‚Ä¢ https://slides.com/csalazar/security-code-review-in-python-7ba22e
‚Ä¢ https://medium.com/spect/exploiting-the-scraper-756a0981ed12
‚Ä¢ https://medium.com/alertot/web-scraping-considered-dangerous-leaking-files-from-the-spiders-host-bd508f81d498"
Pycon 2021,Online,2021-11-07,11,B,Charla,https://pycon.cl/2021/#schedule,Alfonso Tobar,Fallando R√°pido hasta el √âxito con Hydra,https://www.youtube.com/watch?v=G69p0G53kmw,,,"‚Ä¢ https://hydra.cc/docs/advanced/compose_api
‚Ä¢ https://datacuber.cl/"
PyDay 2020,Online,2020-12-05,01,,Keynote,https://pyday.cl/2020/#schedule,Juan Luis Cano Rodriguez,Software cient√≠fico reproducible en el siglo XXI,https://www.youtube.com/watch?v=Sz9O1Yw1qu8,reproducibilidad; software; ciencia,,
PyDay 2020,Online,2020-12-05,02,,Charla,https://pyday.cl/2020/#schedule,Marilina Santero,The Turing Way: Una gu√≠a asertiva para la ciencia de datos reproducible,https://www.youtube.com/watch?v=CFYq2EWmGIk,,,
PyDay 2020,Online,2020-12-06,03,,Charla,https://pyday.cl/2020/#schedule,Alejandro Weinstein,Procesando se√±ales electrofisiol√≥gicas usando Python,https://www.youtube.com/watch?v=WKhdNl9PL0Q,,,
PyDay 2020,Online,2020-12-07,04,,Charla,https://pyday.cl/2020/#schedule,Gonzalo Andr√©s Fern√°ndez Carrillo,"5 a√±os de Pythonia: Una historia de an√©cdotas, aprendizajes y muchos pukamones",https://www.youtube.com/watch?v=LK0X2C4t-Ow,,,
PyDay 2020,Online,2020-12-08,05,,Charla,https://pyday.cl/2020/#schedule,Rodrigo Tobar,ijson: iterando sobre contenidos JSON de forma r√°pida y eficiente,https://www.youtube.com/watch?v=GGzKCgw4hHk,,,
PyDay 2020,Online,2020-12-09,06,,Keynote,https://pyday.cl/2020/#schedule,Katia Lira,Developing Comunidad,https://www.youtube.com/watch?v=rPjchKSLSfE,,,
PyDay 2020,Online,2020-12-10,07,,Charla,https://pyday.cl/2020/#schedule,Stephanie Frias,"Python para Testers, Porqu√© y C√≥mo",https://www.youtube.com/watch?v=3Tbb3YD8lCQ,,,
PyDay 2020,Online,2020-12-11,08,,Charla,https://pyday.cl/2020/#schedule,Victor Suarez,MicroPython y Dom√≥tica,https://www.youtube.com/watch?v=ZgBJxD4vbdw,,,
PyDay 2020,Online,2020-12-12,09,,Charla,https://pyday.cl/2020/#schedule,Jon Vadillo Romero,Construye una aplicaci√≥n web con Django en 15 minutos,https://www.youtube.com/watch?v=bR3QPUFIHWM,,,
PyDay 2020,Online,2020-12-13,10,,Charla,https://pyday.cl/2020/#schedule,Raquel Pezoa Rivera,Como clasifico eventos generados en el experimento ATLAS del LHC con Python,https://www.youtube.com/watch?v=Z1Bk9niVNIM,,,
PyDay 2020,Online,2020-12-14,11,,Keynote,https://pyday.cl/2020/#schedule,Lorena Mesa,"Lo que hablo de Python: Diversidad, Inclusi√≥n y Comunidad",https://www.youtube.com/watch?v=JkjxOnBvzww,,,
PyDay 2020,Online,2020-12-15,12,,Charla,https://pyday.cl/2020/#schedule,Elian Laura,Creando comunidad para el cambio: PyLadies Arequipa,https://www.youtube.com/watch?v=YwobduT4oRU,,,
PyDay 2020,Online,2020-12-16,13,,Charla,https://pyday.cl/2020/#schedule,Daniel Undurraga,Origenes de Cornershop y por qu√© usamos Python,https://www.youtube.com/watch?v=HXlhR1x6pLw,,,
PyDay 2020,Online,2020-12-17,14,,Charla,https://pyday.cl/2020/#schedule,Mat√≠as Carrasco,LHLab: Visualizaci√≥n r√°pida de datos y aplicaciones con Streamlit,https://www.youtube.com/watch?v=tknZjO21MyE,,,
PyDay 2020,Online,2020-12-18,15,,Charla,https://pyday.cl/2020/#schedule,Jorge Avarias,El uso de Python en un radiotelescopio,https://www.youtube.com/watch?v=xzd9KLM8jAc,,,
PyDay 2020,Online,2020-12-19,16,,Charla,https://pyday.cl/2020/#schedule,Claudio Salazar,Secure software development using Python,https://www.youtube.com/watch?v=CBe01R4avf0,,,
PyDay 2020,Online,2020-12-20,17,,Charla,https://pyday.cl/2020/#schedule,Camila Rangel Smith,LA-CoNGA Physics colaboraci√≥n en educaci√≥n cient√≠fica entre Am√©rica Latina y EU,https://www.youtube.com/watch?v=rtwgQZFiNXE,,,
PyDay 2020,Online,2020-12-21,18,,Charla,https://pyday.cl/2020/#schedule,Joaqu√≠n Menendez,Aproxim√°ndonos a Data Science con Python,https://www.youtube.com/watch?v=hKsep8qZTfE,,,
PyDay 2020,Online,2020-12-22,19,,Charla,https://pyday.cl/2020/#schedule,Marco Mu√±oz,Proyecciones del Mercado Laboral IT,https://www.youtube.com/watch?v=mZ_WG47QKMo,,,
PyDay 2020,Online,2020-12-23,20,,Charla,https://pyday.cl/2020/#schedule,Ivan Mu√±oz,Secuencias de operaci√≥n en el ELT (Extremely Large Telescope),https://www.youtube.com/watch?v=fGBhkxGNLxs,,,
PyDay 2020,Online,2020-12-24,21,,Charla,https://pyday.cl/2020/#schedule,Stefanni Cavaletto,Azure Cognitive Services with Python,https://www.youtube.com/watch?v=pRtcjSyGhqM,,,
PyDay 2020,Online,2020-12-25,22,,Charla,https://pyday.cl/2020/#schedule,Luis Jaraquemada,Encapsulamiento y Metaclases al Estilo Python,https://www.youtube.com/watch?v=f0j-D5Gn2RY,,,
PyDay 2020,Online,2020-12-26,23,,Charla,https://pyday.cl/2020/#schedule,Alejandro S√°nchez,Las 10 cosas que quisiera que me hubieran dicho cuando estaba aprendiendo Python,https://www.youtube.com/watch?v=aF9k9Vhz9_I,,,
PyDay 2020,Online,2020-12-27,24,,Charla,https://pyday.cl/2020/#schedule,Manuel Mois√©s Merino Piceros,Python en la industria 4.0,https://www.youtube.com/watch?v=th7WbnOlGAg,,,
PyDay 2020,Online,2020-12-28,25,,Charla,https://pyday.cl/2020/#schedule,Mario Garc√≠a,Mejores herramientas para gestionar tu proyecto Python,https://www.youtube.com/watch?v=dJ-H-m8T_Nk,,,
PyDay 2020,Online,2020-12-29,26,,Charla,https://pyday.cl/2020/#schedule,Alejandro Cataldo,Python como herramienta para apoyar procesos de toma de decisiones,https://www.youtube.com/watch?v=U_t4lm1HkrU,,,
PyDay 2020,Online,2020-12-30,27,,Charla,https://pyday.cl/2020/#schedule,Oscar Terrazas,Las tecnolog√≠as m√°s demandadas por las empresas en Silicon Valley,https://www.youtube.com/watch?v=Jxm75bsVndk,,,
Otros eventos,Online,2021-09-20,1,,Charla,,Oscar Terrazas,Las habilidades m√°s demandadas por las startups de Silicon Valley,https://www.youtube.com/watch?v=Xbq1vDgPVdA,startup; habilidades; silicon valley,,
Otros eventos,Online,2021-01-05,2,,Charla,,Stephanie Fr√≠as,Taller PyLadies - Introducci√≥n a Python,https://www.youtube.com/watch?v=EeOp9Lpgjso,python; aprender,,
Otros eventos,Online,2021-01-05,3,,Charla,,Alejandro Weinstein; Roberto Carrasco; Wenceslao Palma; Gabriela Montenegro; Roberto Le√≥n; Roberto Asin; ,Mesa de Discusi√≥n - Python y educaci√≥n: desaf√≠os para el futuro,https://www.youtube.com/watch?v=C3OfuSF-5do,python; educaci√≥n; desaf√≠os;,,
Otros eventos,Online,2021-08-24,4,,Charla,,Cristi√°n Maureira-Fredes,Creando propuestas de charlas,https://www.youtube.com/watch?v=gnXDxtpz2OI,pycon; pyday; charlas; consejos; propuesta,,